,Unnamed: 0,Unnamed: 0_x,sentence,focus,episode,filename,tokens,stemmed_tokens,norm_tokens,token_count,sentiment,focus_split,characterName,actor_name,appearances,character_name,position,posting,rank,species,character_name_split,Unnamed: 0_y,No. overall,No. in season,Title,Stardate,Directed by,Written by,Original air date,U.S. viewers (millions),merge_index,EnergizeCount
445,445,445,"energize in orbit, as a",picard,1.0,102.txt,"['Energize', 'orbit']","['Energ', 'orbit']","['Energ', 'orbit']",2.0,0.0,['picard'],jean-luc picard,Patrick Stewart,"['TNG', 'GEN,FCT,INS,NEM', 'DS9']",jean-luc picard,Commanding officer,USS Enterprise-E,['Captain'],Human,"['jean-luc', 'picard']",1,1 2,1 2,"""Encounter at Farpoint""",41153.7,Corey Allen,D. C. Fontana and Gene Roddenberry,"September?28,?1987?(1987-09-28)",15.7[1],1,1
1073,1073,59967,energize ,riker int.,1.0,102.txt,['Energize'],['Energ'],['Energ'],1.0,0.0,['riker'],william riker,Jonathan Frakes,"['TNG', 'GEN,FCT,INS,NEM', 'VOY', 'ENT']",william riker,"First Officer (S1-7,Movies)",USS Titan,['Captain'],Human,"['william', 'riker']",1,1 2,1 2,"""Encounter at Farpoint""",41153.7,Corey Allen,D. C. Fontana and Gene Roddenberry,"September?28,?1987?(1987-09-28)",15.7[1],1,1
1563,1563,59992,energize.,riker,2.0,103.txt,['Energize'],['Energ'],['Energ'],1.0,0.0,['riker'],william riker,Jonathan Frakes,"['TNG', 'GEN,FCT,INS,NEM', 'VOY', 'ENT']",william riker,"First Officer (S1-7,Movies)",USS Titan,['Captain'],Human,"['william', 'riker']",2,3,3,"""The Naked Now""",41209.2,Paul Lynch,Teleplay: J. Michael Bingham Story: John D. F. Black and J. Michael Bingham,"October?5,?1987?(1987-10-05)",11.5[1],2,1
2042,2042,798,energize!,picard,3.0,104.txt,['Energize'],['Energ'],['Energ'],1.0,0.0,['picard'],jean-luc picard,Patrick Stewart,"['TNG', 'GEN,FCT,INS,NEM', 'DS9']",jean-luc picard,Commanding officer,USS Enterprise-E,['Captain'],Human,"['jean-luc', 'picard']",3,4,4,"""Code of Honor""",41235.25,Russ Mayberry,Katharyn Powers and Michael Baron,"October?12,?1987?(1987-10-12)",9.5[1],3,1
2086,2086,842,energize.,picard,3.0,104.txt,['Energize'],['Energ'],['Energ'],1.0,0.0,['picard'],jean-luc picard,Patrick Stewart,"['TNG', 'GEN,FCT,INS,NEM', 'DS9']",jean-luc picard,Commanding officer,USS Enterprise-E,['Captain'],Human,"['jean-luc', 'picard']",3,4,4,"""Code of Honor""",41235.25,Russ Mayberry,Katharyn Powers and Michael Baron,"October?12,?1987?(1987-10-12)",9.5[1],3,1
2950,2950,41529,(spoken) you may energize.,troi telepathic v.,4.0,105.txt,"['spoken', 'You', 'may', 'energize']","['spoken', 'You', 'may', 'energ']","['spoken', 'You', 'may', 'energ']",4.0,0.0,['troi'],lwaxana troi,Majel Barrett,"['TNG', 'DS9']",lwaxana troi,Federation Ambassador,Betazed,['Ambassador'],Betazoid,"['lwaxana', 'troi']",4,5,5,"""The Last Outpost""",41386.4,Richard Colla,Teleplay: Herbert Wright Story: Richard Krzmeien,"October?19,?1987?(1987-10-19)",8.9[1],4,1
4179,4179,60404,"(checking the others, then) energize!",riker,6.0,107.txt,"['checking', 'others', 'Energize']","['check', 'other', 'Energ']","['check', 'other', 'Energ']",3.0,0.0,['riker'],william riker,Jonathan Frakes,"['TNG', 'GEN,FCT,INS,NEM', 'VOY', 'ENT']",william riker,"First Officer (S1-7,Movies)",USS Titan,['Captain'],Human,"['william', 'riker']",6,7,7,"""Lonely Among Us""",41249.3,Cliff Bole,Teleplay: D. C. Fontana Story: Michael Halperin,"November?2,?1987?(1987-11-02)",12.1[1],6,1
5300,5300,1856,"transporter room, energize as picard, troi and rivan",picard effects angle (optical) beam out.55 ext.,8.0,109.txt,"['Transporter', 'Room', 'energize', 'Picard', 'Troi', 'Rivan']","['Transport', 'Room', 'energ', 'Picard', 'Troi', 'Rivan']","['Transport', 'Room', 'energ', 'Picard', 'Troi', 'Rivan']",6.0,0.0,['picard'],jean-luc picard,Patrick Stewart,"['TNG', 'GEN,FCT,INS,NEM', 'DS9']",jean-luc picard,Commanding officer,USS Enterprise-E,['Captain'],Human,"['jean-luc', 'picard']",8,9,9,"""The Battle""",41723.9,Rob Bowman,Teleplay: Herbert J. Wright Story: Larry Forrester,"November?16,?1987?(1987-11-16)",10.5[1],8,1
5905,5905,2103,(to chief) energize!,star trek: act two continued: picard,9.0,110.txt,"['Chief', 'Energize']","['Chief', 'Energ']","['Chief', 'Energ']",2.0,0.0,['picard'],jean-luc picard,Patrick Stewart,"['TNG', 'GEN,FCT,INS,NEM', 'DS9']",jean-luc picard,Commanding officer,USS Enterprise-E,['Captain'],Human,"['jean-luc', 'picard']",9,10,10,"""Hide and Q""",41590.5,Cliff Bole,Teleplay: C.J. Holland and Gene Roddenberry Story: C.J. Holland,"November?23,?1987?(1987-11-23)",11.0[1],9,1
7312,7312,2597,(to the chief) energize.,picard,11.0,112.txt,"['Chief', 'Energize']","['Chief', 'Energ']","['Chief', 'Energ']",2.0,0.0,['picard'],jean-luc picard,Patrick Stewart,"['TNG', 'GEN,FCT,INS,NEM', 'DS9']",jean-luc picard,Commanding officer,USS Enterprise-E,['Captain'],Human,"['jean-luc', 'picard']",11,12,12,"""The Big Goodbye""",41997.7,Joseph L. Scanlan,Tracy Torm?,"January?11,?1988?(1988-01-11)",11.5[1],11,1
7350,7350,2635,(to transporter chief) energize.,picard,11.0,112.txt,"['Transporter', 'Chief', 'Energize']","['Transport', 'Chief', 'Energ']","['Transport', 'Chief', 'Energ']",3.0,0.0,['picard'],jean-luc picard,Patrick Stewart,"['TNG', 'GEN,FCT,INS,NEM', 'DS9']",jean-luc picard,Commanding officer,USS Enterprise-E,['Captain'],Human,"['jean-luc', 'picard']",11,12,12,"""The Big Goodbye""",41997.7,Joseph L. Scanlan,Tracy Torm?,"January?11,?1988?(1988-01-11)",11.5[1],11,1
8818,8818,3068,energize!,picard,14.0,115.txt,['Energize'],['Energ'],['Energ'],1.0,0.0,['picard'],jean-luc picard,Patrick Stewart,"['TNG', 'GEN,FCT,INS,NEM', 'DS9']",jean-luc picard,Commanding officer,USS Enterprise-E,['Captain'],Human,"['jean-luc', 'picard']",14,15,15,"""11001001""",41365.9,Paul Lynch,Maurice Hurley and Robert Lewin,"February?1,?1988?(1988-02-01)",10.7[1],14,1
9012,9012,59126,energize!,tasha,14.0,115.txt,['Energize'],['Energ'],['Energ'],1.0,0.0,['tasha'],tasha yar,Denise Crosby,['TNG'],tasha yar,Chief Security Officer,USS Enterprise-D,['Lieutenant'],Human,"['tasha', 'yar']",14,15,15,"""11001001""",41365.9,Paul Lynch,Maurice Hurley and Robert Lewin,"February?1,?1988?(1988-02-01)",10.7[1],14,1
9024,9024,59138,(into com) energize!,tasha,14.0,115.txt,"['Com', 'Energize']","['Com', 'Energ']","['Com', 'Energ']",2.0,0.0,['tasha'],tasha yar,Denise Crosby,['TNG'],tasha yar,Chief Security Officer,USS Enterprise-D,['Lieutenant'],Human,"['tasha', 'yar']",14,15,15,"""11001001""",41365.9,Paul Lynch,Maurice Hurley and Robert Lewin,"February?1,?1988?(1988-02-01)",10.7[1],14,1
9036,9036,59150,(energized) which means there's still time for us to do something.,tasha,14.0,115.txt,"['energized', 'Which', 'means', 'theres', 'still', 'time', 'us', 'something']","['energ', 'Which', 'mean', 'there', 'still', 'time', 'us', 'someth']","['energ', 'Which', 'mean', 'there', 'still', 'time', 'u', 'someth']",8.0,0.0,['tasha'],tasha yar,Denise Crosby,['TNG'],tasha yar,Chief Security Officer,USS Enterprise-D,['Lieutenant'],Human,"['tasha', 'yar']",14,15,15,"""11001001""",41365.9,Paul Lynch,Maurice Hurley and Robert Lewin,"February?1,?1988?(1988-02-01)",10.7[1],14,1
10128,10128,3446,energize!,picard,16.0,117.txt,['Energize'],['Energ'],['Energ'],1.0,0.0,['picard'],jean-luc picard,Patrick Stewart,"['TNG', 'GEN,FCT,INS,NEM', 'DS9']",jean-luc picard,Commanding officer,USS Enterprise-E,['Captain'],Human,"['jean-luc', 'picard']",16,17,17,"""When the Bough Breaks""",41509.1,Kim Manners,Hannah Louise Shearer,"February?15,?1988?(1988-02-15)",10.2[1],16,1
10164,10164,3482,energize!,picard,16.0,117.txt,['Energize'],['Energ'],['Energ'],1.0,0.0,['picard'],jean-luc picard,Patrick Stewart,"['TNG', 'GEN,FCT,INS,NEM', 'DS9']",jean-luc picard,Commanding officer,USS Enterprise-E,['Captain'],Human,"['jean-luc', 'picard']",16,17,17,"""When the Bough Breaks""",41509.1,Kim Manners,Hannah Louise Shearer,"February?15,?1988?(1988-02-15)",10.2[1],16,1
10816,10816,61706,energize.,transporter room (optical) riker,17.0,118.txt,['Energize'],['Energ'],['Energ'],1.0,0.0,['riker'],william riker,Jonathan Frakes,"['TNG', 'GEN,FCT,INS,NEM', 'VOY', 'ENT']",william riker,"First Officer (S1-7,Movies)",USS Titan,['Captain'],Human,"['william', 'riker']",17,18,18,"""Home Soil""",41463.9,Corey Allen,Teleplay: Robert Sabaroff Story: Karl Geurs & Ralph Sanchez and Robert Sabaroff,"February?22,?1988?(1988-02-22)",9.0[1],17,1
12033,12033,61788,(continuing; to the energize ,riker transporter chief) int.,19.0,120.txt,"['continuing', 'Energize']","['continu', 'Energ']","['continu', 'Energ']",2.0,0.0,['riker'],william riker,Jonathan Frakes,"['TNG', 'GEN,FCT,INS,NEM', 'VOY', 'ENT']",william riker,"First Officer (S1-7,Movies)",USS Titan,['Captain'],Human,"['william', 'riker']",19,20,20,"""Heart of Glory""",41503.7,Rob Bowman,Teleplay: Maurice Hurley Story: Maurice Hurley and Herbert Wright & D. C. Fontana,"March?21,?1988?(1988-03-21)",10.7[1],19,1
12655,12655,87104,"energize hru as riker, tasha, data, picard, and beverly on the bridge.",geordi,20.0,121.txt,"['Energize', 'hru', 'Riker', 'Tasha', 'Data', 'Picard', 'Beverly', 'bridge']","['Energ', 'hru', 'Riker', 'Tasha', 'Data', 'Picard', 'Beverli', 'bridg']","['Energ', 'hru', 'Riker', 'Tasha', 'Data', 'Picard', 'Beverli', 'bridg']",8.0,0.0,['geordi'],geordi la forge,LeVar Burton,"['TNG', 'GEN,FCT,INS,NEM', 'VOY']",geordi la forge,Helmsman (S1),USS Enterprise-E,['Lt. Commander'],Human,"['geordi', 'la', 'forge']",20,21,21,"""The Arsenal of Freedom""",41798.2,Les Landau,Teleplay: Richard Manning and Hans Beimler Story: Maurice Hurley and Robert Lewin,"April?11,?1988?(1988-04-11)",10.4[1],20,1
13111,13111,61994,energize ,riker ext.,21.0,122.txt,['Energize'],['Energ'],['Energ'],1.0,0.0,['riker'],william riker,Jonathan Frakes,"['TNG', 'GEN,FCT,INS,NEM', 'VOY', 'ENT']",william riker,"First Officer (S1-7,Movies)",USS Titan,['Captain'],Human,"['william', 'riker']",21,22,22,"""Symbiosis""",Unknown,Win Phelps,Teleplay: Robert Lewin & Richard Manning and Hans Beimler Story: Robert Lewin,"April?18,?1988?(1988-04-18)",10.8[1],21,1
13619,13619,59437,"then all six of you get on the transporter platform on my signal, energize.",tasha,22.0,123.txt,"['Then', 'six', 'get', 'transporter', 'platform', 'signal', 'energize']","['Then', 'six', 'get', 'transport', 'platform', 'signal', 'energ']","['Then', 'six', 'get', 'transport', 'platform', 'signal', 'energ']",7.0,0.0,['tasha'],tasha yar,Denise Crosby,['TNG'],tasha yar,Chief Security Officer,USS Enterprise-D,['Lieutenant'],Human,"['tasha', 'yar']",22,23,23,"""Skin of Evil""",41601.3,Joseph L. Scanlan,Teleplay: Joseph Stefano and Hannah Louise Shearer Story: Joseph Stefano,"April?25,?1988?(1988-04-25)",9.7[1],22,1
13623,13623,59441,(intercom) energize on my mark.,tasha,22.0,123.txt,"['intercom', 'Energize', 'mark']","['intercom', 'Energ', 'mark']","['intercom', 'Energ', 'mark']",3.0,0.0,['tasha'],tasha yar,Denise Crosby,['TNG'],tasha yar,Chief Security Officer,USS Enterprise-D,['Lieutenant'],Human,"['tasha', 'yar']",22,23,23,"""Skin of Evil""",41601.3,Joseph L. Scanlan,Teleplay: Joseph Stefano and Hannah Louise Shearer Story: Joseph Stefano,"April?25,?1988?(1988-04-25)",9.7[1],22,1
13624,13624,59442,four three two one energize as the working the console what is not the people but a large cargo barrel both very surprised.,tasha,22.0,123.txt,"['Four', 'three', 'two', 'one', 'energize', 'As', 'working', 'console', 'What', 'people', 'large', 'cargo', 'barrel', 'Both', 'surprised']","['Four', 'three', 'two', 'one', 'energ', 'As', 'work', 'consol', 'What', 'peopl', 'larg', 'cargo', 'barrel', 'Both', 'surpris']","['Four', 'three', 'two', 'one', 'energ', 'As', 'work', 'consol', 'What', 'peopl', 'larg', 'cargo', 'barrel', 'Both', 'surpris']",15.0,0.0,['tasha'],tasha yar,Denise Crosby,['TNG'],tasha yar,Chief Security Officer,USS Enterprise-D,['Lieutenant'],Human,"['tasha', 'yar']",22,23,23,"""Skin of Evil""",41601.3,Joseph L. Scanlan,Teleplay: Joseph Stefano and Hannah Louise Shearer Story: Joseph Stefano,"April?25,?1988?(1988-04-25)",9.7[1],22,1
13716,13716,62050,"energize as the starts on the pad, then",riker,22.0,123.txt,"['Energize', 'starts', 'pad']","['Energ', 'start', 'pad']","['Energ', 'start', 'pad']",3.0,0.0,['riker'],william riker,Jonathan Frakes,"['TNG', 'GEN,FCT,INS,NEM', 'VOY', 'ENT']",william riker,"First Officer (S1-7,Movies)",USS Titan,['Captain'],Human,"['william', 'riker']",22,23,23,"""Skin of Evil""",41601.3,Joseph L. Scanlan,Teleplay: Joseph Stefano and Hannah Louise Shearer Story: Joseph Stefano,"April?25,?1988?(1988-04-25)",9.7[1],22,1
14320,14320,62129,energize.,riker,23.0,124.txt,['Energize'],['Energ'],['Energ'],1.0,0.0,['riker'],william riker,Jonathan Frakes,"['TNG', 'GEN,FCT,INS,NEM', 'VOY', 'ENT']",william riker,"First Officer (S1-7,Movies)",USS Titan,['Captain'],Human,"['william', 'riker']",23,24,24,"""We'll Always Have Paris""",41697.9,Robert Becker,Deborah Dean Davis and Hannah Louise Shearer,"May?2,?1988?(1988-05-02)",9.7[1],23,1
14640,14640,4991,(nods at riker) energize.,picard,24.0,125.txt,"['nods', 'Riker', 'Energize']","['nod', 'Riker', 'Energ']","['nod', 'Riker', 'Energ']",3.0,0.0,['picard'],jean-luc picard,Patrick Stewart,"['TNG', 'GEN,FCT,INS,NEM', 'DS9']",jean-luc picard,Commanding officer,USS Enterprise-E,['Captain'],Human,"['jean-luc', 'picard']",24,25,25,"""Conspiracy""",41775.5,Cliff Bole,Teleplay: Tracy Torm? Story: Robert Sabaroff,"May?9,?1988?(1988-05-09)",9.4[1],24,1
16734,16734,62560,(continuing; to transporter chief) energize.,riker,27.0,128.txt,"['continuing', 'Transporter', 'Chief', 'Energize']","['continu', 'Transport', 'Chief', 'Energ']","['continu', 'Transport', 'Chief', 'Energ']",4.0,0.0,['riker'],william riker,Jonathan Frakes,"['TNG', 'GEN,FCT,INS,NEM', 'VOY', 'ENT']",william riker,"First Officer (S1-7,Movies)",USS Titan,['Captain'],Human,"['william', 'riker']",2,28,2,"""Where Silence Has Lease""",42193.6,Winrich Kolbe,Jack B. Sowards,"November?28,?1988?(1988-11-28)",10.3[2],27,1
18594,18594,62696,energize.,riker,30.0,131.txt,['Energize'],['Energ'],['Energ'],1.0,0.0,['riker'],william riker,Jonathan Frakes,"['TNG', 'GEN,FCT,INS,NEM', 'VOY', 'ENT']",william riker,"First Officer (S1-7,Movies)",USS Titan,['Captain'],Human,"['william', 'riker']",5,31,5,"""Loud as a Whisper""",42477.2,Larry Shaw,Jacqueline Zambrano,"January?9,?1989?(1989-01-09)",10.7[2],30,1
18893,18893,6104,energize.,picard,31.0,132.txt,['Energize'],['Energ'],['Energ'],1.0,0.0,['picard'],jean-luc picard,Patrick Stewart,"['TNG', 'GEN,FCT,INS,NEM', 'DS9']",jean-luc picard,Commanding officer,USS Enterprise-E,['Captain'],Human,"['jean-luc', 'picard']",6,32,6,"""The Schizoid Man""",42437.5,Les Landau,Teleplay by: Tracy Torm? Story by: Richard Manning & Hans Beimler,"January?23,?1989?(1989-01-23)",10.8[2],31,1
19093,19093,6304,"data and picard check their weapons, then: (continuing) energize.",picard,31.0,132.txt,"['Data', 'Picard', 'check', 'weapons', 'continuing', 'Energize']","['Data', 'Picard', 'check', 'weapon', 'continu', 'Energ']","['Data', 'Picard', 'check', 'weapon', 'continu', 'Energ']",6.0,-0.29600000000000004,['picard'],jean-luc picard,Patrick Stewart,"['TNG', 'GEN,FCT,INS,NEM', 'DS9']",jean-luc picard,Commanding officer,USS Enterprise-E,['Captain'],Human,"['jean-luc', 'picard']",6,32,6,"""The Schizoid Man""",42437.5,Les Landau,Teleplay by: Tracy Torm? Story by: Richard Manning & Hans Beimler,"January?23,?1989?(1989-01-23)",10.8[2],31,1
19396,19396,62822,"worf and riker check their weapons, then: (continuing) energize.",riker,31.0,132.txt,"['Worf', 'Riker', 'check', 'weapons', 'continuing', 'Energize']","['Worf', 'Riker', 'check', 'weapon', 'continu', 'Energ']","['Worf', 'Riker', 'check', 'weapon', 'continu', 'Energ']",6.0,-0.29600000000000004,['riker'],william riker,Jonathan Frakes,"['TNG', 'GEN,FCT,INS,NEM', 'VOY', 'ENT']",william riker,"First Officer (S1-7,Movies)",USS Titan,['Captain'],Human,"['william', 'riker']",6,32,6,"""The Schizoid Man""",42437.5,Les Landau,Teleplay by: Tracy Torm? Story by: Richard Manning & Hans Beimler,"January?23,?1989?(1989-01-23)",10.8[2],31,1
19652,19652,6472,energize.,picard,32.0,133.txt,['Energize'],['Energ'],['Energ'],1.0,0.0,['picard'],jean-luc picard,Patrick Stewart,"['TNG', 'GEN,FCT,INS,NEM', 'DS9']",jean-luc picard,Commanding officer,USS Enterprise-E,['Captain'],Human,"['jean-luc', 'picard']",7,33,7,"""Unnatural Selection""",42494.8,Paul Lynch,John Mason and Mike Gray,"January?30,?1989?(1989-01-30)",11.0[2],32,1
19860,19860,50911,energize.,worf,32.0,133.txt,['Energize'],['Energ'],['Energ'],1.0,0.0,['worf'],worf,Michael Dorn,"['TNG', 'GEN,FCT,INS,NEM', 'DS9']",worf,Helmsman (TNG S1),USS Enterprise-E,['Lt. Commander'],Klingon,['worf'],7,33,7,"""Unnatural Selection""",42494.8,Paul Lynch,John Mason and Mike Gray,"January?30,?1989?(1989-01-30)",11.0[2],32,1
20073,20073,87615,"(to com panel) transporter, energize.",geordi,32.0,133.txt,"['com', 'panel', 'Transporter', 'energize']","['com', 'panel', 'Transport', 'energ']","['com', 'panel', 'Transport', 'energ']",4.0,0.0,['geordi'],geordi la forge,LeVar Burton,"['TNG', 'GEN,FCT,INS,NEM', 'VOY']",geordi la forge,Helmsman (S1),USS Enterprise-E,['Lt. Commander'],Human,"['geordi', 'la', 'forge']",7,33,7,"""Unnatural Selection""",42494.8,Paul Lynch,John Mason and Mike Gray,"January?30,?1989?(1989-01-30)",11.0[2],32,1
20438,20438,6658,"transporter room, energize ",enterprise main bridge picard int.,33.0,134.txt,"['Transporter', 'Room', 'energize']","['Transport', 'Room', 'energ']","['Transport', 'Room', 'energ']",3.0,0.0,['picard'],jean-luc picard,Patrick Stewart,"['TNG', 'GEN,FCT,INS,NEM', 'DS9']",jean-luc picard,Commanding officer,USS Enterprise-E,['Captain'],Human,"['jean-luc', 'picard']",8,34,8,"""A Matter of Honor""",42506.5,Rob Bowman,Teleplay by: Burton Armus Story by: Wanda M. Haight & Gregory Amos and Burton Armus,"February?6,?1989?(1989-02-06)",11.3[2],33,1
20560,20560,63000,before the members on the pad can cover their smiles to answer: (continuing) energize.,riker,33.0,134.txt,"['Before', 'members', 'pad', 'cover', 'smiles', 'answer', 'continuing', 'Energize']","['Befor', 'member', 'pad', 'cover', 'smile', 'answer', 'continu', 'Energ']","['Befor', 'member', 'pad', 'cover', 'smile', 'answer', 'continu', 'Energ']",8.0,0.3612,['riker'],william riker,Jonathan Frakes,"['TNG', 'GEN,FCT,INS,NEM', 'VOY', 'ENT']",william riker,"First Officer (S1-7,Movies)",USS Titan,['Captain'],Human,"['william', 'riker']",8,34,8,"""A Matter of Honor""",42506.5,Rob Bowman,Teleplay by: Burton Armus Story by: Wanda M. Haight & Gregory Amos and Burton Armus,"February?6,?1989?(1989-02-06)",11.3[2],33,1
20612,20612,63052,energize.,riker,33.0,134.txt,['Energize'],['Energ'],['Energ'],1.0,0.0,['riker'],william riker,Jonathan Frakes,"['TNG', 'GEN,FCT,INS,NEM', 'VOY', 'ENT']",william riker,"First Officer (S1-7,Movies)",USS Titan,['Captain'],Human,"['william', 'riker']",8,34,8,"""A Matter of Honor""",42506.5,Rob Bowman,Teleplay by: Burton Armus Story by: Wanda M. Haight & Gregory Amos and Burton Armus,"February?6,?1989?(1989-02-06)",11.3[2],33,1
21785,21785,76472,then: (continuing) energize.,wesley,35.0,136.txt,"['Then', 'continuing', 'Energize']","['Then', 'continu', 'Energ']","['Then', 'continu', 'Energ']",3.0,0.0,['wesley'],wesley crusher,Wil Wheaton,"['TNG', 'NEM']",wesley crusher,Helmsman (S1-4),USS Titan,"['Lieutenant, JG']",Human,"['wesley', 'crusher']",10,36,10,"""The Dauphin""",42568.8,Rob Bowman,Scott Rubenstein & Leonard Mlodinow,"February?20,?1989?(1989-02-20)",10.7[2],35,1
22058,22058,7195,energize.,picard,36.0,137.txt,['Energize'],['Energ'],['Energ'],1.0,0.0,['picard'],jean-luc picard,Patrick Stewart,"['TNG', 'GEN,FCT,INS,NEM', 'DS9']",jean-luc picard,Commanding officer,USS Enterprise-E,['Captain'],Human,"['jean-luc', 'picard']",11,37,11,"""Contagion""",42609.1,Joseph L. Scanlan,Steve Gerber & Beth Woods,"March?20,?1989?(1989-03-20)",10.2[2],36,1
22585,22585,7314,"""the royale"" 10 4.7 energize.",star trek: teaser continued: picard,37.0,138.txt,"['The', 'Royale', '10', '47', 'Energize']","['The', 'Royal', '10', '47', 'Energ']","['The', 'Royal', '10', '47', 'Energ']",5.0,0.0,['picard'],jean-luc picard,Patrick Stewart,"['TNG', 'GEN,FCT,INS,NEM', 'DS9']",jean-luc picard,Commanding officer,USS Enterprise-E,['Captain'],Human,"['jean-luc', 'picard']",12,38,12,"""The Royale""",42625.4,Cliff Bole,Keith Mills,"March?27,?1989?(1989-03-27)",10.6[2],37,1
22842,22842,63456,(continuing) energize.,riker,37.0,138.txt,"['continuing', 'Energize']","['continu', 'Energ']","['continu', 'Energ']",2.0,0.0,['riker'],william riker,Jonathan Frakes,"['TNG', 'GEN,FCT,INS,NEM', 'VOY', 'ENT']",william riker,"First Officer (S1-7,Movies)",USS Titan,['Captain'],Human,"['william', 'riker']",12,38,12,"""The Royale""",42625.4,Cliff Bole,Keith Mills,"March?27,?1989?(1989-03-27)",10.6[2],37,1
25193,25193,64046,energize.,riker,41.0,142.txt,['Energize'],['Energ'],['Energ'],1.0,0.0,['riker'],william riker,Jonathan Frakes,"['TNG', 'GEN,FCT,INS,NEM', 'VOY', 'ENT']",william riker,"First Officer (S1-7,Movies)",USS Titan,['Captain'],Human,"['william', 'riker']",16,42,16,"""Q Who""",42761.3,Rob Bowman,Maurice Hurley,"May?8,?1989?(1989-05-08)",10.3[2],41,1
26089,26089,88035,energize...,geordi,42.0,143.txt,['Energize'],['Energ'],['Energ'],1.0,0.0,['geordi'],geordi la forge,LeVar Burton,"['TNG', 'GEN,FCT,INS,NEM', 'VOY']",geordi la forge,Helmsman (S1),USS Enterprise-E,['Lt. Commander'],Human,"['geordi', 'la', 'forge']",17,43,17,"""Samaritan Snare""",42779.1,Les Landau,Robert L. McCullough,"May?15,?1989?(1989-05-15)",10.0[2],42,1
26808,26808,8335,energize as mrs.,picard angle on the transporter platform (optical),44.0,145.txt,"['Energize', 'Mrs']","['Energ', 'Mr']","['Energ', 'Mr']",2.0,0.0,['picard'],jean-luc picard,Patrick Stewart,"['TNG', 'GEN,FCT,INS,NEM', 'DS9']",jean-luc picard,Commanding officer,USS Enterprise-E,['Captain'],Human,"['jean-luc', 'picard']",19,45,19,"""Manhunt""",42859.2,Rob Bowman,Terry Devereaux,"June?19,?1989?(1989-06-19)",8.9[2],44,1
28130,28130,88186,energize.,geordi,45.0,146.txt,['Energize'],['Energ'],['Energ'],1.0,0.0,['geordi'],geordi la forge,LeVar Burton,"['TNG', 'GEN,FCT,INS,NEM', 'VOY']",geordi la forge,Helmsman (S1),USS Enterprise-E,['Lt. Commander'],Human,"['geordi', 'la', 'forge']",20,46,20,"""The Emissary""",42901.3,Cliff Bole,Teleplay by: Richard Manning & Hans Beimler Story by: Richard Manning & Hans Beimler and Thomas H. Calder,"June?26,?1989?(1989-06-26)",9.0[2],45,1
29381,29381,88277,energize ,geordi,47.0,148.txt,['Energize'],['Energ'],['Energ'],1.0,0.0,['geordi'],geordi la forge,LeVar Burton,"['TNG', 'GEN,FCT,INS,NEM', 'VOY']",geordi la forge,Helmsman (S1),USS Enterprise-E,['Lt. Commander'],Human,"['geordi', 'la', 'forge']",22,48,22,"""Shades of Gray""",42976.1,Rob Bowman,Teleplay by: Maurice Hurley and Richard Manning & Hans Beimler Story by: Maurice Hurley,"July?17,?1989?(1989-07-17)",9.8[2],47,1
31140,31140,65094,energize...,riker,50.0,151.txt,['Energize'],['Energ'],['Energ'],1.0,0.0,['riker'],william riker,Jonathan Frakes,"['TNG', 'GEN,FCT,INS,NEM', 'VOY', 'ENT']",william riker,"First Officer (S1-7,Movies)",USS Titan,['Captain'],Human,"['william', 'riker']",3,51,3,"""The Survivors""",43152.4,Les Landau,Michael Wagner,"October?9,?1989?(1989-10-09)",9.6[4],50,1
31379,31379,9480,picard energizes as nuria and in shock.,picard,51.0,152.txt,"['Picard', 'energizes', 'Nuria', 'shock']","['Picard', 'energ', 'Nuria', 'shock']","['Picard', 'energ', 'Nuria', 'shock']",4.0,-0.3818,['picard'],jean-luc picard,Patrick Stewart,"['TNG', 'GEN,FCT,INS,NEM', 'DS9']",jean-luc picard,Commanding officer,USS Enterprise-E,['Captain'],Human,"['jean-luc', 'picard']",4,52,4,"""Who Watches the Watchers""",43173.5,Robert Wiemer,Richard Manning & Hans Beimler,"October?16,?1989?(1989-10-16)",9.6[4],51,1
31544,31544,65237,energize!,riker,51.0,152.txt,['Energize'],['Energ'],['Energ'],1.0,0.0,['riker'],william riker,Jonathan Frakes,"['TNG', 'GEN,FCT,INS,NEM', 'VOY', 'ENT']",william riker,"First Officer (S1-7,Movies)",USS Titan,['Captain'],Human,"['william', 'riker']",4,52,4,"""Who Watches the Watchers""",43173.5,Robert Wiemer,Richard Manning & Hans Beimler,"October?16,?1989?(1989-10-16)",9.6[4],51,1
33461,33461,88861,"geordi nods a final goodbye and.. geordi signals o'brien, who energizes; bochra and the pallet that's the way to fight all the wars from now on.",geordi,54.0,155.txt,"['Geordi', 'nods', 'final', 'goodbye', 'Geordi', 'signals', 'OBrien', 'energizes', 'Bochra', 'pallet', 'Thats', 'way', 'fight', 'wars']","['Geordi', 'nod', 'final', 'goodby', 'Geordi', 'signal', 'OBrien', 'energ', 'Bochra', 'pallet', 'That', 'way', 'fight', 'war']","['Geordi', 'nod', 'final', 'goodby', 'Geordi', 'signal', 'OBrien', 'energ', 'Bochra', 'pallet', 'That', 'way', 'fight', 'war']",14.0,-0.7579,['geordi'],geordi la forge,LeVar Burton,"['TNG', 'GEN,FCT,INS,NEM', 'VOY']",geordi la forge,Helmsman (S1),USS Enterprise-E,['Lt. Commander'],Human,"['geordi', 'la', 'forge']",7,55,7,"""The Enemy""",43349.2,David Carson,David Kemper & Michael Piller,"November?6,?1989?(1989-11-06)",10.3[4],54,1
34154,34154,65563,energize!,riker angle on the gatherers (optical),56.0,157.txt,['Energize'],['Energ'],['Energ'],1.0,0.0,['riker'],william riker,Jonathan Frakes,"['TNG', 'GEN,FCT,INS,NEM', 'VOY', 'ENT']",william riker,"First Officer (S1-7,Movies)",USS Titan,['Captain'],Human,"['william', 'riker']",9,57,9,"""The Vengeance Factor""",43421.9,Timothy Bond,Sam Rolfe,"November?20,?1989?(1989-11-20)",9.7[4],56,1
34702,34702,65695,energize.,riker,57.0,158.txt,['Energize'],['Energ'],['Energ'],1.0,0.0,['riker'],william riker,Jonathan Frakes,"['TNG', 'GEN,FCT,INS,NEM', 'VOY', 'ENT']",william riker,"First Officer (S1-7,Movies)",USS Titan,['Captain'],Human,"['william', 'riker']",10,58,10,"""The Defector""",43462.5,Robert Scheerer,Ronald D. Moore,"January?1,?1990?(1990-01-01)",10.5[4],57,1
35383,35383,10616,"transporter room three, lock on the explosive device and energize.",picard,59.0,160.txt,"['Transporter', 'room', 'three', 'lock', 'explosive', 'device', 'energize']","['Transport', 'room', 'three', 'lock', 'explos', 'devic', 'energ']","['Transport', 'room', 'three', 'lock', 'explos', 'devic', 'energ']",7.0,0.0,['picard'],jean-luc picard,Patrick Stewart,"['TNG', 'GEN,FCT,INS,NEM', 'DS9']",jean-luc picard,Commanding officer,USS Enterprise-E,['Captain'],Human,"['jean-luc', 'picard']",12,60,12,"""The High Ground""",43510.7,Gabrielle Beaumont,Melinda M. Snodgrass,"January?29,?1990?(1990-01-29)",10.5[4],59,1
37061,37061,89168,we are hypothesizing that doctor apgar energized the converter at the moment of commander riker's beamout hoping to make his death look like a transporter accident.,geordi,61.0,162.txt,"['We', 'hypothesizing', 'Doctor', 'Apgar', 'energized', 'converter', 'moment', 'Commander', 'Rikers', 'beamout', 'hoping', 'make', 'death', 'look', 'like', 'transporter', 'accident']","['We', 'hypothes', 'Doctor', 'Apgar', 'energ', 'convert', 'moment', 'Command', 'Riker', 'beamout', 'hope', 'make', 'death', 'look', 'like', 'transport', 'accid']","['We', 'hypothes', 'Doctor', 'Apgar', 'energ', 'convert', 'moment', 'Command', 'Riker', 'beamout', 'hope', 'make', 'death', 'look', 'like', 'transport', 'accid']",17.0,0.128,['geordi'],geordi la forge,LeVar Burton,"['TNG', 'GEN,FCT,INS,NEM', 'VOY']",geordi la forge,Helmsman (S1),USS Enterprise-E,['Lt. Commander'],Human,"['geordi', 'la', 'forge']",14,62,14,"""A Matter of Perspective""",43610.4,Cliff Bole,Ed Zuckerman,"February?12,?1990?(1990-02-12)",10.8[4],61,1
37079,37079,101927,energizes the transporter console.,transporter room o'brien,61.0,162.txt,"['energizes', 'transporter', 'console']","['energ', 'transport', 'consol']","['energ', 'transport', 'consol']",3.0,0.0,"[""o'brien""]",molly o'brien,Hana Hatae,['DS9'],molly o'brien,Student,Deep Space 9,['Civilian'],Human,"['molly', ""o'brien""]",14,62,14,"""A Matter of Perspective""",43610.4,Cliff Bole,Ed Zuckerman,"February?12,?1990?(1990-02-12)",10.8[4],61,1
38202,38202,11276,energize.,picard,64.0,165.txt,['Energize'],['Energ'],['Energ'],1.0,0.0,['picard'],jean-luc picard,Patrick Stewart,"['TNG', 'GEN,FCT,INS,NEM', 'DS9']",jean-luc picard,Commanding officer,USS Enterprise-E,['Captain'],Human,"['jean-luc', 'picard']",17,65,17,"""Sins of the Father""",43685.2,Les Landau,Teleplay by: Ronald D. Moore & W. Reed Moran Story by: Drew Deighan,"March?19,?1990?(1990-03-19)",11.1[4],64,1
44942,44942,13230,(cont'd) energize.,picard,76.0,177.txt,"['contd', 'Energize']","['contd', 'Energ']","['contd', 'Energ']",2.0,0.0,['picard'],jean-luc picard,Patrick Stewart,"['TNG', 'GEN,FCT,INS,NEM', 'DS9']",jean-luc picard,Commanding officer,USS Enterprise-E,['Captain'],Human,"['jean-luc', 'picard']",3,77,3,"""Brothers""",44085.7,Rob Bowman,Rick Berman,"October?8,?1990?(1990-10-08)",10.9[5],76,1
46564,46564,13620,"(to com) picard to o'brien, energize hru",picard omitted6566 int.,79.0,180.txt,"['com', 'Picard', 'OBrien', 'Energize', 'hru']","['com', 'Picard', 'OBrien', 'Energ', 'hru']","['com', 'Picard', 'OBrien', 'Energ', 'hru']",5.0,0.0,['picard'],jean-luc picard,Patrick Stewart,"['TNG', 'GEN,FCT,INS,NEM', 'DS9']",jean-luc picard,Commanding officer,USS Enterprise-E,['Captain'],Human,"['jean-luc', 'picard']",6,80,6,"""Legacy""",44215.2,Robert Scheerer,Joe Menosky,"October?29,?1990?(1990-10-29)",12.0[5],79,1
46723,46723,33884,energize.,data,79.0,180.txt,['Energize'],['Energ'],['Energ'],1.0,0.0,['data'],data,Brent Spiner,"['TNG', 'GEN,FCT,INS,NEM']",data,Chief Operations Officer,USS Enterprise-E,['Lt. Commander'],Android,['data'],6,80,6,"""Legacy""",44215.2,Robert Scheerer,Joe Menosky,"October?29,?1990?(1990-10-29)",12.0[5],79,1
46886,46886,67490,8 90 7 (2) (continuing) energize.,riker,79.0,180.txt,"['8', '90', '7', '2', 'continuing', 'Energize']","['8', '90', '7', '2', 'continu', 'Energ']","['8', '90', '7', '2', 'continu', 'Energ']",6.0,0.0,['riker'],william riker,Jonathan Frakes,"['TNG', 'GEN,FCT,INS,NEM', 'VOY', 'ENT']",william riker,"First Officer (S1-7,Movies)",USS Titan,['Captain'],Human,"['william', 'riker']",6,80,6,"""Legacy""",44215.2,Robert Scheerer,Joe Menosky,"October?29,?1990?(1990-10-29)",12.0[5],79,1
46902,46902,67506,energize.,riker,79.0,180.txt,['Energize'],['Energ'],['Energ'],1.0,0.0,['riker'],william riker,Jonathan Frakes,"['TNG', 'GEN,FCT,INS,NEM', 'VOY', 'ENT']",william riker,"First Officer (S1-7,Movies)",USS Titan,['Captain'],Human,"['william', 'riker']",6,80,6,"""Legacy""",44215.2,Robert Scheerer,Joe Menosky,"October?29,?1990?(1990-10-29)",12.0[5],79,1
46935,46935,67539,energize!,riker,79.0,180.txt,['Energize'],['Energ'],['Energ'],1.0,0.0,['riker'],william riker,Jonathan Frakes,"['TNG', 'GEN,FCT,INS,NEM', 'VOY', 'ENT']",william riker,"First Officer (S1-7,Movies)",USS Titan,['Captain'],Human,"['william', 'riker']",6,80,6,"""Legacy""",44215.2,Robert Scheerer,Joe Menosky,"October?29,?1990?(1990-10-29)",12.0[5],79,1
47286,47286,52954,"""reunion"" 9/4 5 energize.",star trek: teaser continued: worf,80.0,181.txt,"['Reunion', '94', '5', 'Energize']","['Reunion', '94', '5', 'Energ']","['Reunion', '94', '5', 'Energ']",4.0,0.0,['worf'],worf,Michael Dorn,"['TNG', 'GEN,FCT,INS,NEM', 'DS9']",worf,Helmsman (TNG S1),USS Enterprise-E,['Lt. Commander'],Klingon,['worf'],7,81,7,"""Reunion""",44246.3,Jonathan Frakes,Teleplay: Thomas Perry & Jo Perry & Ronald D. Moore and Brannon Braga Story: Drew Deighan & Thomas Perry and Jo Perry,"November?5,?1990?(1990-11-05)",12.2[5],80,1
49840,49840,34138,energize.,data,84.0,185.txt,['Energize'],['Energ'],['Energ'],1.0,0.0,['data'],data,Brent Spiner,"['TNG', 'GEN,FCT,INS,NEM']",data,Chief Operations Officer,USS Enterprise-E,['Lt. Commander'],Android,['data'],11,85,11,"""Data's Day""",44390.1,Robert Wiemer,Teleplay: Harold Apter and Ronald D. Moore Story: Harold Apter,"January?7,?1991?(1991-01-07)",11.7[5],84,1
56080,56080,16089,"energize, please, mister o'brien.4 as he",picard including timicin (optical) materializes.,95.0,196.txt,"['Energize', 'please', 'Mister', 'OBrien4']","['Energ', 'pleas', 'Mister', 'OBrien4']","['Energ', 'plea', 'Mister', 'OBrien4']",4.0,0.0,['picard'],jean-luc picard,Patrick Stewart,"['TNG', 'GEN,FCT,INS,NEM', 'DS9']",jean-luc picard,Commanding officer,USS Enterprise-E,['Captain'],Human,"['jean-luc', 'picard']",22,96,22,"""Half a Life""",44805.3,Les Landau,Teleplay: Peter Allan Fields Story: Ted Roberts and Peter Allan Fields,"May?6,?1991?(1991-05-06)",Unknown[5],95,1
56295,56295,44994,(to o'brien) so you just energize this damned thing and get me down there!,star trek: a act three continued: lwaxana,95.0,196.txt,"['OBrien', 'So', 'energize', 'damned', 'thing', 'get']","['OBrien', 'So', 'energ', 'damn', 'thing', 'get']","['OBrien', 'So', 'energ', 'damn', 'thing', 'get']",6.0,-0.4549,['lwaxana'],lwaxana troi,Majel Barrett,"['TNG', 'DS9']",lwaxana troi,Federation Ambassador,Betazed,['Ambassador'],Betazoid,"['lwaxana', 'troi']",22,96,22,"""Half a Life""",44805.3,Les Landau,Teleplay: Peter Allan Fields Story: Ted Roberts and Peter Allan Fields,"May?6,?1991?(1991-05-06)",Unknown[5],95,1
59089,59089,16740,energize the network.,picard,100.0,201.txt,"['Energize', 'network']","['Energ', 'network']","['Energ', 'network']",2.0,0.0,['picard'],jean-luc picard,Patrick Stewart,"['TNG', 'GEN,FCT,INS,NEM', 'DS9']",jean-luc picard,Commanding officer,USS Enterprise-E,['Captain'],Human,"['jean-luc', 'picard']",1,101,1,"""Redemption II""",45021.3,David Carson,Ronald D. Moore,"September?23,?1991?(1991-09-23)",N/A[6],100,1
60217,60217,69109,energize ,riker,101.0,202.txt,['Energize'],['Energ'],['Energ'],1.0,0.0,['riker'],william riker,Jonathan Frakes,"['TNG', 'GEN,FCT,INS,NEM', 'VOY', 'ENT']",william riker,"First Officer (S1-7,Movies)",USS Titan,['Captain'],Human,"['william', 'riker']",2,102,2,"""Darmok""",45047.2,Winrich Kolbe,Teleplay: Joe Menosky Story: Philip LaZebnik and Joe Menosky,"September?30,?1991?(1991-09-30)",N/A[6],101,1
60625,60625,69134,energize.,riker,102.0,203.txt,['Energize'],['Energ'],['Energ'],1.0,0.0,['riker'],william riker,Jonathan Frakes,"['TNG', 'GEN,FCT,INS,NEM', 'VOY', 'ENT']",william riker,"First Officer (S1-7,Movies)",USS Titan,['Captain'],Human,"['william', 'riker']",3,103,3,"""Ensign Ro""",45076.3,Les Landau,Teleplay: Michael Piller Story: Rick Berman & Michael Piller,"October?7,?1991?(1991-10-07)",11.6[6],102,1
63739,63739,17990,he is becoming energized.,picard,107.0,208.txt,"['He', 'becoming', 'energized']","['He', 'becom', 'energ']","['He', 'becom', 'energ']",3.0,0.0,['picard'],jean-luc picard,Patrick Stewart,"['TNG', 'GEN,FCT,INS,NEM', 'DS9']",jean-luc picard,Commanding officer,USS Enterprise-E,['Captain'],Human,"['jean-luc', 'picard']",8,108,8,"""Unification II""",45245.8,Cliff Bole,Teleplay: Michael Piller Story: Rick Berman and Michael Piller,"November?11,?1991?(1991-11-11)",15.4[6],107,1
65562,65562,36144,(to com) energize!,data,110.0,211.txt,"['com', 'Energize']","['com', 'Energ']","['com', 'Energ']",2.0,0.0,['data'],data,Brent Spiner,"['TNG', 'GEN,FCT,INS,NEM']",data,Chief Operations Officer,USS Enterprise-E,['Lt. Commander'],Android,['data'],11,111,11,"""Hero Worship""",45397.3,Patrick Stewart,Teleplay: Joe Menosky Story: Hilary J. Bader,"January?27,?1992?(1992-01-27)",12.7[6],110,1
65859,65859,69860,energize.,riker,110.0,211.txt,['Energize'],['Energ'],['Energ'],1.0,0.0,['riker'],william riker,Jonathan Frakes,"['TNG', 'GEN,FCT,INS,NEM', 'VOY', 'ENT']",william riker,"First Officer (S1-7,Movies)",USS Titan,['Captain'],Human,"['william', 'riker']",11,111,11,"""Hero Worship""",45397.3,Patrick Stewart,Teleplay: Joe Menosky Story: Hilary J. Bader,"January?27,?1992?(1992-01-27)",12.7[6],110,1
66635,66635,18811,energize.,picard,112.0,213.txt,['Energize'],['Energ'],['Energ'],1.0,0.0,['picard'],jean-luc picard,Patrick Stewart,"['TNG', 'GEN,FCT,INS,NEM', 'DS9']",jean-luc picard,Commanding officer,USS Enterprise-E,['Captain'],Human,"['jean-luc', 'picard']",13,113,13,"""The Masterpiece Society""",45470.1,Winrich Kolbe,Teleplay: Adam Belanoff and Michael Piller Story: James Kahn and Adam Belanoff,"February?10,?1992?(1992-02-10)",12.0[6],112,1
66802,66802,69984,energize.,riker,112.0,213.txt,['Energize'],['Energ'],['Energ'],1.0,0.0,['riker'],william riker,Jonathan Frakes,"['TNG', 'GEN,FCT,INS,NEM', 'VOY', 'ENT']",william riker,"First Officer (S1-7,Movies)",USS Titan,['Captain'],Human,"['william', 'riker']",13,113,13,"""The Masterpiece Society""",45470.1,Winrich Kolbe,Teleplay: Adam Belanoff and Michael Piller Story: James Kahn and Adam Belanoff,"February?10,?1992?(1992-02-10)",12.0[6],112,1
66809,66809,69991,(to com) energize.,riker,112.0,213.txt,"['com', 'Energize']","['com', 'Energ']","['com', 'Energ']",2.0,0.0,['riker'],william riker,Jonathan Frakes,"['TNG', 'GEN,FCT,INS,NEM', 'VOY', 'ENT']",william riker,"First Officer (S1-7,Movies)",USS Titan,['Captain'],Human,"['william', 'riker']",13,113,13,"""The Masterpiece Society""",45470.1,Winrich Kolbe,Teleplay: Adam Belanoff and Michael Piller Story: James Kahn and Adam Belanoff,"February?10,?1992?(1992-02-10)",12.0[6],112,1
66860,66860,91956,energize.,geordi,112.0,213.txt,['Energize'],['Energ'],['Energ'],1.0,0.0,['geordi'],geordi la forge,LeVar Burton,"['TNG', 'GEN,FCT,INS,NEM', 'VOY']",geordi la forge,Helmsman (S1),USS Enterprise-E,['Lt. Commander'],Human,"['geordi', 'la', 'forge']",13,113,13,"""The Masterpiece Society""",45470.1,Winrich Kolbe,Teleplay: Adam Belanoff and Michael Piller Story: James Kahn and Adam Belanoff,"February?10,?1992?(1992-02-10)",12.0[6],112,1
67475,67475,70127,she's energized from work a sharp contrast to the quiet she's just shattered.,riker,113.0,214.txt,"['Shes', 'energized', 'work', 'sharp', 'contrast', 'quiet', 'shes', 'shattered']","['She', 'energ', 'work', 'sharp', 'contrast', 'quiet', 'she', 'shatter']","['She', 'energ', 'work', 'sharp', 'contrast', 'quiet', 'she', 'shatter']",8.0,0.0,['riker'],william riker,Jonathan Frakes,"['TNG', 'GEN,FCT,INS,NEM', 'VOY', 'ENT']",william riker,"First Officer (S1-7,Movies)",USS Titan,['Captain'],Human,"['william', 'riker']",14,114,14,"""Conundrum""",45494.2,Les Landau,Teleplay: Barry Schkolnick Story: Paul Schiffer,"February?17,?1992?(1992-02-17)",12.2[6],113,1
71677,71677,19692,energize!,picard,120.0,221.txt,['Energize'],['Energ'],['Energ'],1.0,0.0,['picard'],jean-luc picard,Patrick Stewart,"['TNG', 'GEN,FCT,INS,NEM', 'DS9']",jean-luc picard,Commanding officer,USS Enterprise-E,['Captain'],Human,"['jean-luc', 'picard']",21,121,21,"""The Perfect Mate""",45761.3,Cliff Bole,Teleplay: Gary Perconte and Michael Piller Story: Ren? Echevarria and Gary Perconte,"April?27,?1992?(1992-04-27)",10.8[6],120,1
72814,72814,20216,energize.,picard,122.0,223.txt,['Energize'],['Energ'],['Energ'],1.0,0.0,['picard'],jean-luc picard,Patrick Stewart,"['TNG', 'GEN,FCT,INS,NEM', 'DS9']",jean-luc picard,Commanding officer,USS Enterprise-E,['Captain'],Human,"['jean-luc', 'picard']",23,123,23,"""I, Borg""",45854.2,Robert Lederman,Ren? Echevarria,"May?11,?1992?(1992-05-11)",12.8[6],122,1
73076,73076,92573,energize.,geordi,122.0,223.txt,['Energize'],['Energ'],['Energ'],1.0,0.0,['geordi'],geordi la forge,LeVar Burton,"['TNG', 'GEN,FCT,INS,NEM', 'VOY']",geordi la forge,Helmsman (S1),USS Enterprise-E,['Lt. Commander'],Human,"['geordi', 'la', 'forge']",23,123,23,"""I, Borg""",45854.2,Robert Lederman,Ren? Echevarria,"May?11,?1992?(1992-05-11)",12.8[6],122,1
76590,76590,105391,energize.,barclay,127.0,228.txt,['Energize'],['Energ'],['Energ'],1.0,0.0,['barclay'],reginald barclay,Dwight Schultz,"['TNG', 'FCT', 'VOY']",reginald barclay,"Engineering Officer (TNG,Movies)",Starfleet Command,['Lt. Commander'],Human,"['reginald', 'barclay']",2,128,2,"""Realm of Fear""",46041.1,Cliff Bole,Brannon Braga,"September?28,?1992?(1992-09-28)",13.2[7],127,1
76808,76808,21002,"transporter room two, prepare to energize but alkar takes liva's hand.",jarth picard,128.0,229.txt,"['Transporter', 'Room', 'Two', 'prepare', 'energize', 'But', 'Alkar', 'takes', 'Livas', 'hand']","['Transport', 'Room', 'Two', 'prepar', 'energ', 'But', 'Alkar', 'take', 'Liva', 'hand']","['Transport', 'Room', 'Two', 'prepar', 'energ', 'But', 'Alkar', 'take', 'Liva', 'hand']",10.0,0.4939,['picard'],jean-luc picard,Patrick Stewart,"['TNG', 'GEN,FCT,INS,NEM', 'DS9']",jean-luc picard,Commanding officer,USS Enterprise-E,['Captain'],Human,"['jean-luc', 'picard']",3,129,3,"""Man of the People""",46071.6,Winrich Kolbe,Frank Abatemarco,"October?5,?1992?(1992-10-05)",13.2[7],128,1
76818,76818,21012,energize ,picard,128.0,229.txt,['Energize'],['Energ'],['Energ'],1.0,0.0,['picard'],jean-luc picard,Patrick Stewart,"['TNG', 'GEN,FCT,INS,NEM', 'DS9']",jean-luc picard,Commanding officer,USS Enterprise-E,['Captain'],Human,"['jean-luc', 'picard']",3,129,3,"""Man of the People""",46071.6,Winrich Kolbe,Frank Abatemarco,"October?5,?1992?(1992-10-05)",13.2[7],128,1
77344,77344,21096,energize.,picard,129.0,230.txt,['Energize'],['Energ'],['Energ'],1.0,0.0,['picard'],jean-luc picard,Patrick Stewart,"['TNG', 'GEN,FCT,INS,NEM', 'DS9']",jean-luc picard,Commanding officer,USS Enterprise-E,['Captain'],Human,"['jean-luc', 'picard']",4,130,4,"""Relics""",46125.3,Alexander Singer,Ronald D. Moore,"October?12,?1992?(1992-10-12)",13.9[7],129,1
77638,77638,93418,(to transporter technician) energize.,geordi,129.0,230.txt,"['Transporter', 'Technician', 'Energize']","['Transport', 'Technician', 'Energ']","['Transport', 'Technician', 'Energ']",3.0,0.0,['geordi'],geordi la forge,LeVar Burton,"['TNG', 'GEN,FCT,INS,NEM', 'VOY']",geordi la forge,Helmsman (S1),USS Enterprise-E,['Lt. Commander'],Human,"['geordi', 'la', 'forge']",4,130,4,"""Relics""",46125.3,Alexander Singer,Ronald D. Moore,"October?12,?1992?(1992-10-12)",13.9[7],129,1
79398,79398,21435,energize...,young picard,132.0,233.txt,['Energize'],['Energ'],['Energ'],1.0,0.0,['picard'],jean-luc picard,Patrick Stewart,"['TNG', 'GEN,FCT,INS,NEM', 'DS9']",jean-luc picard,Commanding officer,USS Enterprise-E,['Captain'],Human,"['jean-luc', 'picard']",7,133,7,"""Rascals""",46235.7,Adam Nimoy,Teleplay: Allison Hock Story: Ward Botsford & Diana Dru Botsford and Michael Piller,"November?2,?1992?(1992-11-02)",13.5[7],132,1
79786,79786,107681,picard is still energized by his recent trip and is showing guinan some odd pieces of pottery from a small box.,"shuttlecraft in flight picard, guinan, keiko ro",132.0,233.txt,"['Picard', 'still', 'energized', 'recent', 'trip', 'showing', 'Guinan', 'odd', 'pieces', 'pottery', 'small', 'box']","['Picard', 'still', 'energ', 'recent', 'trip', 'show', 'Guinan', 'odd', 'piec', 'potteri', 'small', 'box']","['Picard', 'still', 'energ', 'recent', 'trip', 'show', 'Guinan', 'odd', 'piec', 'potteri', 'small', 'box']",12.0,-0.3182,"['keiko', 'ro']",ro laren,Michelle Forbes,['TNG'],ro laren,Helmsman (S5-7),USS Enterprise-D,['Lieutenant'],Bajoran,"['ro', 'laren']",7,133,7,"""Rascals""",46235.7,Adam Nimoy,Teleplay: Allison Hock Story: Ward Botsford & Diana Dru Botsford and Michael Piller,"November?2,?1992?(1992-11-02)",13.5[7],132,1
80531,80531,37555,energize.,data,134.0,235.txt,['Energize'],['Energ'],['Energ'],1.0,0.0,['data'],data,Brent Spiner,"['TNG', 'GEN,FCT,INS,NEM']",data,Chief Operations Officer,USS Enterprise-E,['Lt. Commander'],Android,['data'],9,135,9,"""The Quality of Life""",46307.2,Jonathan Frakes,Teleplay: Naren Shankar Story: L.J. Scott,"November?16,?1992?(1992-11-16)",13.2[7],134,1
80784,80784,71851,energize.,riker,134.0,235.txt,['Energize'],['Energ'],['Energ'],1.0,0.0,['riker'],william riker,Jonathan Frakes,"['TNG', 'GEN,FCT,INS,NEM', 'VOY', 'ENT']",william riker,"First Officer (S1-7,Movies)",USS Titan,['Captain'],Human,"['william', 'riker']",9,135,9,"""The Quality of Life""",46307.2,Jonathan Frakes,Teleplay: Naren Shankar Story: L.J. Scott,"November?16,?1992?(1992-11-16)",13.2[7],134,1
80814,80814,71881,kelso energize.,riker,134.0,235.txt,"['Kelso', 'energize']","['Kelso', 'energ']","['Kelso', 'energ']",2.0,0.0,['riker'],william riker,Jonathan Frakes,"['TNG', 'GEN,FCT,INS,NEM', 'VOY', 'ENT']",william riker,"First Officer (S1-7,Movies)",USS Titan,['Captain'],Human,"['william', 'riker']",9,135,9,"""The Quality of Life""",46307.2,Jonathan Frakes,Teleplay: Naren Shankar Story: L.J. Scott,"November?16,?1992?(1992-11-16)",13.2[7],134,1
80815,80815,71882,energize as kelso works the transporter...,riker,134.0,235.txt,"['Energize', 'As', 'Kelso', 'works', 'Transporter']","['Energ', 'As', 'Kelso', 'work', 'Transport']","['Energ', 'As', 'Kelso', 'work', 'Transport']",5.0,0.0,['riker'],william riker,Jonathan Frakes,"['TNG', 'GEN,FCT,INS,NEM', 'VOY', 'ENT']",william riker,"First Officer (S1-7,Movies)",USS Titan,['Captain'],Human,"['william', 'riker']",9,135,9,"""The Quality of Life""",46307.2,Jonathan Frakes,Teleplay: Naren Shankar Story: L.J. Scott,"November?16,?1992?(1992-11-16)",13.2[7],134,1
83486,83486,72201,"""face of the enemy"" 17 10.9 (to crewman) energize.",star trek: act two continued: riker,139.0,240.txt,"['Face', 'Enemy', '17', '109', 'Crewman', 'Energize']","['Face', 'Enemi', '17', '109', 'Crewman', 'Energ']","['Face', 'Enemi', '17', '109', 'Crewman', 'Energ']",6.0,0.0,['riker'],william riker,Jonathan Frakes,"['TNG', 'GEN,FCT,INS,NEM', 'VOY', 'ENT']",william riker,"First Officer (S1-7,Movies)",USS Titan,['Captain'],Human,"['william', 'riker']",14,140,14,"""Face of the Enemy""",46519.1,Gabrielle Beaumont,Teleplay: Naren Shankar Story: Ren? Echevarria,"February?8,?1993?(1993-02-08)",13.1[7],139,1
85858,85858,22998,energize.,picard,144.0,245.txt,['Energize'],['Energ'],['Energ'],1.0,0.0,['picard'],jean-luc picard,Patrick Stewart,"['TNG', 'GEN,FCT,INS,NEM', 'DS9']",jean-luc picard,Commanding officer,USS Enterprise-E,['Captain'],Human,"['jean-luc', 'picard']",19,145,19,"""Lessons""",46693.1,Robert Wiemer,Ron Wilkerson & Jean Louise Matthias,"April?5,?1993?(1993-04-05)",12.2[7],144,1
89271,89271,73017,energize.6,riker int.,149.0,250.txt,['Energize6'],['Energize6'],['Energize6'],1.0,0.0,['riker'],william riker,Jonathan Frakes,"['TNG', 'GEN,FCT,INS,NEM', 'VOY', 'ENT']",william riker,"First Officer (S1-7,Movies)",USS Titan,['Captain'],Human,"['william', 'riker']",24,150,24,"""Second Chances""",46915.2,LeVar Burton,Teleplay: Ren? Echevarria Story: Michael Medlock,"May?24,?1993?(1993-05-24)",9.7[7],149,1
96003,96003,25322,energize.,picard,159.0,260.txt,['Energize'],['Energ'],['Energ'],1.0,0.0,['picard'],jean-luc picard,Patrick Stewart,"['TNG', 'GEN,FCT,INS,NEM', 'DS9']",jean-luc picard,Commanding officer,USS Enterprise-E,['Captain'],Human,"['jean-luc', 'picard']",8,160,8,"""Attached""",47304.2,Jonathan Frakes,Nicholas Sagan,"November?8,?1993?(1993-11-08)",12.1[8],159,1
97587,97587,39717,energize ,data int.,161.0,262.txt,['Energize'],['Energ'],['Energ'],1.0,0.0,['data'],data,Brent Spiner,"['TNG', 'GEN,FCT,INS,NEM']",data,Chief Operations Officer,USS Enterprise-E,['Lt. Commander'],Android,['data'],10,162,10,"""Inheritance""",47410.2,Robert Scheerer,Teleplay by: Dan Koeppel and Ren? Echevarria Story by: Dan Koeppel,"November?22,?1993?(1993-11-22)",11.6[8],161,1
98722,98722,25787,energize.,picard,163.0,264.txt,['Energize'],['Energ'],['Energ'],1.0,0.0,['picard'],jean-luc picard,Patrick Stewart,"['TNG', 'GEN,FCT,INS,NEM', 'DS9']",jean-luc picard,Commanding officer,USS Enterprise-E,['Captain'],Human,"['jean-luc', 'picard']",12,164,12,"""The Pegasus""",47457.1,LeVar Burton,Ronald D. Moore,"January?10,?1994?(1994-01-10)",11.9[8],163,1
99593,99593,57689,energize...,star trek: act five continued: worf,164.0,265.txt,['Energize'],['Energ'],['Energ'],1.0,0.0,['worf'],worf,Michael Dorn,"['TNG', 'GEN,FCT,INS,NEM', 'DS9']",worf,Helmsman (TNG S1),USS Enterprise-E,['Lt. Commander'],Klingon,['worf'],13,165,13,"""Homeward""",47423.9,Alexander Singer,Teleplay by: Naren Shankar Story by: Spike Steingasser Based on material by William N. Stape,"January?17,?1994?(1994-01-17)",11.8[8],164,1
100247,100247,85637,(to chief) energize.,beverly,165.0,266.txt,"['Chief', 'Energize']","['Chief', 'Energ']","['Chief', 'Energ']",2.0,0.0,['beverly'],beverly crusher,Gates McFadden,"['TNG', 'GEN,FCT,INS,NEM']",beverly crusher,Head of Starfleet Medical (S2),USS Enterprise-E,['Commander'],Human,"['beverly', 'crusher']",14,166,14,"""Sub Rosa""",Unknown,Jonathan Frakes,Teleplay by: Brannon Braga Story by: Jeri Taylor Based on material by Jeanna F. Gallo,"January?31,?1994?(1994-01-31)",11.5[8],165,1
100251,100251,85641,(to chief) energize.,star trek: act four continued: beverly,165.0,266.txt,"['Chief', 'Energize']","['Chief', 'Energ']","['Chief', 'Energ']",2.0,0.0,['beverly'],beverly crusher,Gates McFadden,"['TNG', 'GEN,FCT,INS,NEM']",beverly crusher,Head of Starfleet Medical (S2),USS Enterprise-E,['Commander'],Human,"['beverly', 'crusher']",14,166,14,"""Sub Rosa""",Unknown,Jonathan Frakes,Teleplay by: Brannon Braga Story by: Jeri Taylor Based on material by Jeanna F. Gallo,"January?31,?1994?(1994-01-31)",11.5[8],165,1
103846,103846,27153,(to energize.,picard n.d.),171.0,272.txt,['Energize'],['Energ'],['Energ'],1.0,0.0,['picard'],jean-luc picard,Patrick Stewart,"['TNG', 'GEN,FCT,INS,NEM', 'DS9']",jean-luc picard,Commanding officer,USS Enterprise-E,['Captain'],Human,"['jean-luc', 'picard']",20,172,20,"""Journey's End""",47751.2,Corey Allen,Teleplay by: Ronald D. Moore Story by: Shawn Piller and Antonia Napoli,"March?28,?1994?(1994-03-28)",11.9[8],171,1
105145,105145,27509,when he's in position: energize...,picard,173.0,274.txt,"['When', 'hes', 'position', 'Energize']","['When', 'he', 'posit', 'Energ']","['When', 'he', 'posit', 'Energ']",4.0,0.0,['picard'],jean-luc picard,Patrick Stewart,"['TNG', 'GEN,FCT,INS,NEM', 'DS9']",jean-luc picard,Commanding officer,USS Enterprise-E,['Captain'],Human,"['jean-luc', 'picard']",22,174,22,"""Bloodlines""",47829.1,Les Landau,Nicholas Sagan,"May?2,?1994?(1994-05-02)",11.3[8],173,1
106579,106579,108020,(to com) energize.,ro,175.0,276.txt,"['com', 'Energize']","['com', 'Energ']","['com', 'Energ']",2.0,0.0,['ro'],ro laren,Michelle Forbes,['TNG'],ro laren,Helmsman (S5-7),USS Enterprise-D,['Lieutenant'],Bajoran,"['ro', 'laren']",24,176,24,"""Preemptive Strike""",47941.7,Patrick Stewart,Teleplay by: Ren? Echevarria Story by: Naren Shankar,"May?16,?1994?(1994-05-16)",11.8[8],175,1
